PC1,PC2,PC3,PC4,PC5,PC6,PC7,PC8
0.34681596972389206,0.51891138341027,0.2644636470588235,-0.041190729205210615,0.32584643495269705,0.12874866260705897,0.065140483743637,0.6417293530817817
0.40825361972543717,0.0608148747262815,-0.5319262692116075,0.13186131216346922,-0.12297096761005571,-0.6953956729880577,0.08861382918137985,0.15082493117054502
0.3361061933618699,0.017781621294203992,0.3428325731876486,0.22201208963903465,-0.8219578048826084,0.12357368361213755,-0.14786613886872352,0.08451873301661798
0.36315250330608473,-0.4775256295988087,0.2656711450846619,-0.01351160051553974,0.33726096599021604,-0.17497445804279832,-0.6518234287300495,0.009539882089191286
0.3691082023005219,-0.07183685807728532,-0.6157736071543891,0.09310766635016811,0.043071670908519835,0.6673564080426181,-0.15181811195626646,-0.02199874329583555
0.3515448191558856,-0.5513659961548983,0.2015778476302513,0.02016921758240201,0.1086301134201421,0.08601612641651821,0.7150711333934584,0.029074921455789195
0.11603864596478733,-0.06230308215475901,-0.08159983292946733,-0.9561670646190895,-0.23378674810005293,-0.0002203044749795116,-0.022865457594784484,0.08099536485500677
0.44148721274082564,0.43085838074638283,0.18035741260235766,-0.09007050879362834,0.14501977727831655,-0.034622618679508665,0.07916966154106145,-0.7418297021940929
